Word,Frequency
model,5479
training,2446
task,2198
policy,2037
agent,1969
train,1968
learn,1896
learning,1542
use,1487
performance,1483
sample,1329
result,1316
example,1294
environment,1285
figure,1279
work,1182
method,1131
function,1123
datum,1116
dataset,1096
large,1093
state,1078
test,1069
distribution,1043
image,1032
reward,1029
set,1004
size,950
algorithm,927
time,920
problem,894
gradient,873
number,870
action,869
base,841
parameter,838
network,835
ai,809
language,807
high,790
system,784
generate,777
human,765
step,747
code,739
approach,728
show,722
value,719
different,717
scale,715
level,709
loss,702
section,697
give,691
shot,666
perform,660
batch,656
experiment,644
include,615
compute,608
game,604
require,601
text,574
achieve,566
improve,562
provide,561
evaluate,556
noise,551
increase,550
input,549
adversarial,538
compare,537
new,533
setting,529
answer,526
paper,525
small,516
evaluation,508
space,502
well,501
optimization,499
good,493
case,484
goal,484
capability,483
rate,479
update,477
random,477
information,472
table,471
neural,459
find,458
ﬁnd,451
rl,450
like,449
target,447
object,445
similar,442
zero,441
apply,438
output,438
ﬁrst,436
domain,436
propose,436
architecture,434
follow,434
context,432
exploration,432
measure,428
consider,427
appendix,427
objective,422
baseline,422
point,417
behavior,417
run,416
representation,416
allow,412
term,408
order,406
clip,406
lead,405
simple,402
world,402
type,397
process,397
proof,396
standard,395
produce,394
question,393
dynamic,387
single,386
accuracy,385
episode,380
change,379
way,376
describe,376
note,373
risk,373
control,370
benchmark,368
openai,366
natural,366
reinforcement,365
feature,363
non,363
long,358
mean,357
generation,357
deep,356
label,356
observation,355
solve,352
low,347
generative,343
study,343
present,336
possible,336
probability,336
design,335
strategy,335
impact,332
layer,331
average,330
weight,329
error,329
observe,326
need,324
multi,324
demonstrate,323
prior,323
estimate,321
word,319
end,317
research,313
future,311
pre,310
search,308
safety,308
expect,308
class,303
make,302
codex,300
predict,299
real,295
detail,295
choose,294
able,294
trajectory,294
score,292
optimize,291
suggest,291
form,289
fim,289
solution,288
concept,288
exist,286
explore,285
robot,284
block,282
ﬁne,280
take,279
obtain,278
deﬁne,277
embed,276
transfer,276
prompt,276
return,271
important,270
prediction,270
additional,269
generalization,269
right,269
likelihood,268
optimal,265
analysis,262
skill,261
cost,257
introduce,256
technique,256
range,255
tune,254
token,254
particular,254
sparse,253
report,252
complex,252
instead,249
embedding,249
directly,246
general,245
critique,245
ability,243
multiple,242
log,242
latent,242
position,241
previous,240
potential,240
linear,239
attention,239
effect,238
early,238
focus,238
current,237
sequence,236
hand,236
progress,235
development,235
second,234
art,234
quality,234
correspond,234
iteration,233
reduce,229
challenge,227
robust,225
imagenet,225
leave,223
vector,219
access,218
develop,216
available,216
add,215
data,215
speciﬁc,215
initial,214
play,214
version,212
condition,211
recent,210
comparison,210
user,208
true,208
addition,207
equation,207
timestep,207
meta,207
continuous,206
correct,206
lstm,205
classiﬁcation,205
conference,205
classiﬁer,205
improvement,204
reach,203
length,202
curve,202
structure,200
distance,199
line,198
demonstration,198
opponent,198
likely,198
frontier,197
create,196
application,195
hard,195
factor,194
original,194
physical,194
perturbation,192
outperform,192
dimensional,191
contain,191
involve,191
curriculum,191
supervised,190
source,190
conditional,190
attack,190
know,189
iclr,188
robustness,188
decoder,187
efﬁciency,187
generalize,185
variable,184
see,184
metric,184
open,184
bias,183
help,183
collect,182
experience,182
lola,182
easy,181
represent,181
procedure,179
joint,178
useful,177
total,177
variance,176
wide,175
tuning,175
simulation,175
llm,175
direction,174
start,174
pass,174
interaction,174
consist,172
ﬁnal,172
transformer,172
property,171
combine,171
randomly,171
expert,171
bad,170
efﬁcient,170
discuss,170
energy,170
effective,169
hyperparameter,169
choice,169
complexity,169
vary,167
practice,167
depend,166
common,166
strong,166
framework,166
advantage,165
match,165
pair,165
relate,164
difference,163
machine,163
ppo,163
completion,162
student,162
normalization,161
stochastic,161
hold,161
finally,160
power,159
difﬁcult,159
teacher,158
typically,157
self,157
maximize,157
indicate,157
build,157
seed,156
supervision,156
grasp,156
vision,155
ensure,155
law,154
understand,153
overall,153
modeling,153
close,152
video,152
fast,152
key,152
statement,152
success,151
novel,151
operation,150
discussion,150
fig,150
gan,150
competitive,150
signiﬁcant,149
document,149
pixel,149
gpu,148
setup,148
entity,148
share,147
privacy,147
deployment,147
ﬁxe,146
entropy,146
write,144
contrast,144
select,144
adaptation,144
autoregressive,144
enable,143
atari,143
construct,142
program,142
variety,141
approximate,140
ae,140
instance,140
critical,140
attempt,140
foundation,140
signiﬁcantly,139
limit,139
refer,139
review,139
dimension,139
public,139
knowledge,139
unit,138
fully,138
support,138
area,138
loop,138
cause,137
negative,137
descent,136
implementation,136
appear,136
investigate,136
remain,136
visual,135
signal,135
critic,134
broad,134
main,134
implement,133
discrete,133
count,132
di,132
box,132
regulation,132
mode,131
decision,131
gap,131
view,130
dqn,130
believe,130
product,130
tool,130
sub,130
models,130
adapt,129
address,129
million,129
red,129
assume,128
forward,128
gain,128
generator,128
company,128
individual,127
interesting,127
identify,126
relevant,126
issue,126
mdp,126
stage,125
reason,125
actor,125
diverse,123
idea,123
span,123
sentence,123
content,123
inference,123
capable,121
call,121
scaling,121
map,121
tactic,121
abstract,120
de,120
avoid,120
computational,119
plot,119
fact,119
positive,119
certain,119
rely,119
encode,119
epoch,118
bind,118
shape,118
memory,117
successful,117
capture,117
fail,117
option,117
pose,117
far,116
harm,116
computation,115
gaussian,115
short,115
deploy,115
replay,115
collection,114
trend,114
theorem,113
decrease,113
binary,113
horizon,113
rule,113
approximately,112
simply,112
supervise,112
determine,112
downstream,112
introduction,111
minimize,111
color,111
category,110
place,110
density,110
worker,110
speed,109
matrix,109
denote,109
subset,109
team,109
regulatory,109
format,109
approximation,108
encoder,108
generally,108
dangerous,108
valid,108
reasoning,108
separate,107
digit,107
great,107
axis,107
security,107
economic,107
limitation,107
relative,107
computer,106
shift,106
ensemble,106
synthesis,106
synthetic,106
recently,105
pretraine,105
potentially,105
square,105
dense,105
thank,104
adversary,104
try,104
relatively,104
transformation,103
encourage,103
initialize,103
come,103
outcome,103
estimator,103
group,103
maml,103
project,102
initialization,102
posterior,102
people,102
cs,101
ﬁxed,101
transition,101
yield,101
discount,101
independent,100
mnist,100
act,100
ne,100
additionally,100
list,100
near,100
accord,100
assumption,100
randomization,100
similarly,100
norm,99
variational,99
constant,99
especially,99
free,99
tend,99
contribution,99
sampling,99
trpo,99
bonus,99
difﬁculty,98
look,98
population,98
gpt,98
regime,97
despite,97
intrinsic,97
cnn,96
purpose,96
threshold,96
classi,96
empirical,96
unsupervised,96
imitation,96
quickly,95
move,95
receive,95
occur,95
temperature,95
local,95
player,95
manipulation,95
diversity,95
rollout,95
draw,94
year,94
formal,94
entire,94
previously,94
article,93
technology,93
continue,93
region,93
uncertainty,93
validation,92
component,92
complete,92
past,92
location,92
related,92
capacity,92
highly,91
inverse,91
consistent,91
roughly,91
pattern,91
evidence,91
race,91
explicitly,90
let,90
grow,90
leverage,90
aim,90
feedback,90
associate,89
kl,89
literature,89
direct,89
face,89
inner,89
global,89
raw,89
person,89
english,88
er,88
release,88
maze,88
double,88
assessment,88
recurrent,87
extend,87
furthermore,87
craft,87
acc,87
false,87
probe,87
author,86
optimizer,86
schulman,86
necessary,86
es,86
communication,86
calibration,86
explain,85
ﬁt,85
particularly,85
drive,85
query,85
incorrect,85
respect,84
magnitude,84
slightly,84
mechanism,84
exact,84
cloud,84
core,84
variant,84
remove,83
convolutional,83
frame,83
diffusion,83
chen,83
win,83
alternative,82
appropriate,82
pick,82
have,82
ground,82
middle,82
ebm,82
hazard,82
challenging,81
ask,81
resource,81
api,81
discover,81
clear,80
analyze,80
respectively,80
developer,80
kind,80
dependent,79
effort,79
virtual,79
sentiment,79
prevent,79
highlight,79
vs,79
get,79
evolve,79
maximum,78
conclusion,78
utilize,78
kernel,78
aspect,78
conﬁdence,78
bit,78
head,78
usually,77
rnn,77
dropout,77
ﬁgure,77
failure,77
affect,77
hierarchical,77
event,77
successfully,76
exhibit,76
connect,76
robotic,76
simulate,76
cross,76
overlap,76
ex,76
ddpg,76
extrinsic,76
seek,75
guarantee,75
exploit,75
prove,75
derive,75
algorithmic,75
estimation,75
mini,75
practical,74
adam,74
body,74
desire,74
discriminator,74
graph,74
conduct,74
mask,74
caption,74
equivalent,73
easily,73
university,73
community,73
illustrate,73
little,73
selection,73
left,73
sgd,73
carry,73
ant,73
calculate,72
deterministic,72
empirically,72
description,72
constraint,72
zhang,72
want,72
ais,72
response,72
dota,72
terrain,72
deviation,71
stop,71
topic,71
concern,71
ﬁeld,71
serve,71
increasingly,71
parallel,71
importance,71
employ,71
billion,71
kingma,70
normalize,70
nature,70
lower,70
poor,70
begin,70
sense,70
motivate,70
resolution,70
bound,69
go,69
scratch,69
experimental,69
incorporate,69
sutskever,69
researcher,69
uniform,69
programming,69
hypothesis,69
randomize,69
suite,69
conditioning,68
beneﬁt,68
speciﬁcally,68
combination,68
smooth,68
drop,68
advance,68
style,68
think,68
limited,68
arm,68
comparable,68
epg,68
mitigation,68
summarize,67
co,67
clean,67
consistently,67
semantic,67
competition,67
assess,67
execute,67
humanoid,67
interest,67
round,67
sum,66
noisy,66
closely,66
gym,66
specify,66
intelligence,66
adaptive,66
trust,66
black,66
split,66
curiosity,66
cpt,66
elm,66
convergence,65
sensitive,65
eq,65
multiplication,65
augment,65
pg,65
synthesize,65
unclip,65
minibatch,64
differ,64
lack,64
intend,64
popular,64
july,64
computationally,63
mnih,63
regularization,63
assign,63
emerge,63
safe,63
preliminary,63
internal,63
master,63
multiagent,63
efﬁciently,62
center,62
converge,62
exactly,62
hide,62
ar,62
family,62
theory,62
accurate,62
edge,62
degree,62
min,62
operator,62
motivation,62
effectively,62
pipeline,62
participant,62
distribute,61
link,61
detailed,61
mujoco,61
scenario,61
execution,61
simulator,61
explicit,61
temporal,61
penalty,61
thousand,61
depth,61
guide,61
ratio,61
radford,61
segment,61
discovery,61
cube,61
recognition,60
activation,60
replace,60
expand,60
one,60
operate,60
push,60
physics,60
course,60
mention,60
force,60
heuristic,60
logit,60
buffer,60
soft,60
labeler,60
building,59
sufﬁcient,59
interact,59
episodic,59
online,59
powerful,59
understanding,59
history,59
beneﬁts,59
oord,59
reuse,59
requirement,59
rotation,59
reﬁnement,59
dall,59
specification,59
autoencoder,58
helpful,58
maintain,58
role,58
post,58
technical,58
cover,58
room,58
formulation,58
svhn,58
account,58
interested,58
tree,58
learned,58
connection,58
similarity,58
evolution,58
final,58
manage,58
nl,58
internet,58
augmentation,57
infer,57
engineering,57
meaningful,57
following,57
etc,57
coordinate,57
day,57
extract,57
feed,57
convolution,57
reliably,57
testing,57
external,57
define,57
guidance,57
parameterization,56
expression,56
turn,56
statistic,56
applicable,56
later,56
unlabeled,56
summary,56
track,56
hope,56
wall,56
max,56
audio,56
visit,56
sparsity,56
emergent,56
firm,56
basic,55
reference,55
relation,55
semi,55
interpret,55
reasonable,55
extremely,55
argument,55
uniformly,55
methodology,55
unique,55
cooperative,55
hidden,54
overﬁtte,54
correctly,54
expectation,54
compete,54
contribute,54
simulated,54
correlate,54
ﬁnding,54
labor,54
jointly,54
translation,54
traditional,53
defense,53
perturb,53
row,53
sufﬁciently,53
half,53
dependence,53
budget,53
van,53
pixelcnn,53
hour,53
greedy,53
stable,53
offer,53
render,53
movement,53
express,52
slow,52
arise,52
python,52
repeat,52
concrete,52
situation,52
mass,52
distinguish,52
minute,52
responsible,52
contamination,52
truthfulqa,52
lg,51
modiﬁcation,51
software,51
primarily,51
eventually,51
cation,51
phase,51
establish,51
grid,51
proxy,51
social,51
contrastive,51
government,51
unlike,50
normal,50
frequency,50
sec,50
background,50
arbitrary,50
check,50
modern,50
plan,50
detect,50
promising,50
blue,50
mix,50
adopt,50
ﬁnetune,50
interpretable,50
dev,50
reptile,50
fine,50
special,49
decay,49
hardware,49
ml,49
series,49
currently,49
mapping,49
private,49
equal,49
majority,49
naive,49
conﬁguration,49
align,49
argue,49
behavioral,49
schedule,49
encoding,49
percentage,49
eot,49
coq,49
sota,49
market,49
prm,49
minimal,48
qualitatively,48
weak,48
regression,48
markov,48
berkeley,48
implication,48
erent,48
period,48
trial,48
deﬁnition,48
notice,48
mixture,48
chain,48
scene,48
bert,48
unforeseen,48
glide,48
verbalize,48
dependency,47
divide,47
ﬁnde,47
divergence,47
wikipedia,47
iterate,47
harmful,47
mitigate,47
camera,47
usage,47
minimum,47
inﬁlle,47
salimans,46
scheme,46
amount,46
unseen,46
ignore,46
principle,46
store,46
item,46
possibility,46
automatically,46
imply,46
distinct,46
behaviour,46
snn,46
metamath,46
misuse,46
mathlib,46
regularize,45
constrain,45
le,45
strongly,45
integrate,45
path,45
subject,45
identiﬁcation,45
precise,45
platform,45
implicit,45
naturally,45
character,45
outer,45
minecraft,45
angle,45
mutation,45
narrow,45
significant,45
niche,45
transform,44
away,44
ﬁve,44
corpus,44
wang,44
poorly,44
precision,44
truth,44
restrict,44
simultaneously,44
advanced,44
inform,44
kde,44
teach,44
brown,44
display,44
landmark,44
life,44
industry,44
idm,44
commonly,43
gate,43
th,43
treat,43
keep,43
record,43
society,43
somewhat,43
realistic,43
opportunity,43
arithmetic,43
crucial,43
reduction,43
depict,43
ablation,43
walk,43
incentive,43
regulator,43
emerging,43
docstring,43
risks,43
inspire,42
news,42
handle,42
break,42
equally,42
extent,42
stack,42
piece,42
universal,42
unconditional,42
typical,42
channel,42
relationship,42
acktr,42
international,42
coin,42
child,42
emb,42
truthful,42
humaneval,42
vpt,42
artiﬁcial,41
independently,41
straightforward,41
separately,41
rapid,41
locomotion,41
width,41
phenomenon,41
green,41
fraction,41
wish,41
index,41
automatic,41
learner,41
ball,41
median,41
scope,41
request,41
sonic,41
assistance,41
productivity,41
classifier,41
specific,41
gender,41
math,41
spm,41
parameterize,40
multiply,40
few,40
ﬂow,40
default,40
john,40
visualize,40
partially,40
expensive,40
completely,40
qualitative,40
consumer,40
surrogate,40
infrastructure,40
transport,40
correctness,40
invest,40
sufficiently,40
racy,40
intuitive,39
intermediate,39
clearly,39
overﬁt,39
accident,39
planning,39
fetch,39
happen,39
presence,39
trade,39
correspondence,39
logistic,39
manner,39
preserve,39
active,39
attribute,39
trivial,39
interval,39
alignment,39
decode,39
den,39
trace,39
bleu,39
threat,39
listener,39
nlp,39
rst,39
node,39
github,39
inﬁlling,39
exam,38
interface,38
major,38
agnostic,38
ii,38
velocity,38
recover,38
surprisingly,38
basis,38
mistake,38
texture,38
hierarchy,38
consideration,38
definition,38
metalearning,38
fomaml,38
refusal,38
sodaracer,38
identity,37
element,37
comment,37
inﬂuence,37
instruction,37
unlikely,37
demand,37
variation,37
part,37
differentiable,37
landscape,37
bandit,37
navigation,37
wise,37
speedup,37
speaker,37
mlp,37
bug,37
dexterous,37
publicly,37
oracle,37
adoption,37
networks,36
aes,36
visualization,36
fall,36
ﬂexible,36
science,36
exploratory,36
recognize,36
scalable,36
measurement,36
predictive,36
stream,36
cumulative,36
outline,36
li,36
substantially,36
hurt,36
vlae,36
perspective,36
communicate,36
hash,36
functional,36
summarization,36
hundred,36
byte,36
sufﬁx,36
claim,36
polo,36
mpc,36
invention,36
improved,35
bring,35
accomplish,35
tail,35
validate,35
substantial,35
modify,35
corresponding,35
bi,35
actual,35
mathematical,35
classic,35
wrong,35
notation,35
publish,35
insight,35
processing,35
white,35
protocol,35
explanation,35
ﬁnite,35
boltzmann,35
pong,35
gripper,35
picture,35
inequality,35
automate,35
hider,35
hypothesize,34
bar,34
purely,34
malicious,34
softmax,34
examine,34
deal,34
name,34
overview,34
expressive,34
unfortunately,34
intuition,34
gather,34
underlie,34
precisely,34
tradeoff,34
partition,34
existence,34
factorize,34
grain,34
characterize,34
beginning,34
unbiased,34
overﬁtting,34
sign,34
entirely,34
possess,34
cooperation,34
integration,34
big,34
ﬁnetuning,34
michael,34
crawl,34
coinrun,34
compliance,34
truthfulness,34
contractor,34
identical,33
interestingly,33
actually,33
meaning,33
interpretation,33
sequential,33
library,33
job,33
lose,33
adjust,33
induce,33
outside,33
carefully,33
greatly,33
characteristic,33
perfectly,33
irl,33
primary,33
wu,33
tile,33
theoretical,33
montezuma,33
extensive,33
connectivity,33
encounter,33
ot,33
judge,33
rendering,33
module,33
obstacle,33
lock,33
photo,33
benefit,33
mark,33
ffjord,33
igpt,33
widely,32
necessarily,32
linearly,32
resnet,32
pretraining,32
window,32
cut,32
stand,32
broadly,32
engage,32
contact,32
motion,32
accurately,32
calibrate,32
iterative,32
differential,32
aggregate,32
upper,32
trick,32
skip,32
transferable,32
revenge,32
tackle,32
versus,32
residual,32
ﬁltere,32
exclude,32
gp,32
rnd,32
card,32
impose,31
light,31
observed,31
goodfellow,31
perfect,31
tell,31
decide,31
notable,31
ﬁlter,31
classical,31
medium,31
symbolic,31
chance,31
rectangle,31
lossy,31
tractable,31
bayesian,31
illustration,31
cloning,31
fairly,31
late,31
acknowledgement,31
innovation,31
read,31
music,31
investigation,31
alex,31
hendrycks,31
woman,31
rubik,31
passage,31
accelerate,30
thing,30
initially,30
subsequent,30
hyper,30
classify,30
concatenate,30
construction,30
member,30
rich,30
worth,30
implicitly,30
abbeel,30
net,30
quantify,30
arg,30
recall,30
translate,30
party,30
integer,30
iwae,30
impressive,30
largely,30
tuple,30
inﬁnite,30
osband,30
lab,30
effectiveness,30
pool,30
struggle,30
man,30
bellemare,30
assignment,30
lean,30
nd,29
zaremba,29
ale,29
reset,29
today,29
rest,29
succeed,29
attain,29
sensor,29
reveal,29
moment,29
old,29
reconstruct,29
bottleneck,29
coverage,29
ucb,29
simhash,29
adversarially,29
pure,29
service,29
book,29
maddpg,29
bob,29
puck,29
defend,29
difficult,29
mesh,29
bc,29
preﬁx,29
political,29
prover,29
severe,29
proofstep,29
falsehood,29
sodaracers,29
neuron,28
backpropagation,28
proportional,28
auto,28
expansion,28
bengio,28
formalize,28
engine,28
ect,28
frequently,28
military,28
belief,28
manual,28
representative,28
absolute,28
architectural,28
probabilistic,28
welling,28
extra,28
receptive,28
stability,28
raise,28
primitive,28
lot,28
multimodal,28
sigmoid,28
criterion,28
artifact,28
impossible,28
strength,28
cluster,28
notably,28
overcome,28
viewpoint,28
equilibrium,28
rank,28
oppose,28
emergence,28
month,28
daniel,28
vast,28
diﬀerent,28
iterated,28
consecutive,28
flop,28
web,28
ramp,28
intervention,28
refuse,28
proving,28
solver,28
impala,28
xl,28
comprehension,28
psm,28
feedforward,27
bidirectional,27
ng,27
convert,27
orm,27
neighbor,27
exceed,27
promise,27
boost,27
societal,27
anticipate,27
suppose,27
suitable,27
quantity,27
reacher,27
specialized,27
ho,27
beneﬁcial,27
intuitively,27
decimal,27
miss,27
detection,27
cpu,27
causal,27
approximator,27
simplicity,27
generic,27
duan,27
kim,27
reinforce,27
informative,27
attend,27
parallelism,27
dog,27
nonstationary,27
teaming,27
shadow,27
hero,27
fairface,27
helpfulness,27
modelling,26
fisher,26
momentum,26
substitute,26
speciﬁe,26
cell,26
google,26
intractable,26
lee,26
ba,26
consequence,26
penalize,26
coefﬁcient,26
send,26
repeatedly,26
auxiliary,26
unknown,26
unable,26
verify,26
underlying,26
nat,26
realize,26
mixed,26
recommend,26
percent,26
symbol,26
alec,26
institute,26
enhance,26
interpretability,26
ﬁnger,26
examples,26
ipd,26
mathematic,26
disinformation,26
imitative,26
invariant,25
compose,25
andrew,25
emphasize,25
ideal,25
slowly,25
margin,25
valuable,25
reader,25
pomdp,25
proposal,25
intent,25
manually,25
mordatch,25
solely,25
correlation,25
medical,25
aggregation,25
matching,25
exception,25
essential,25
derivative,25
ilya,25
extension,25
notion,25
occasionally,25
care,25
surprising,25
bin,25
regardless,25
indirect,25
rewrite,25
significantly,25
lowe,25
lin,25
warmup,25
cifar,25
assist,25
incentivize,25
license,25
capabilities,25
predictor,25
glow,25
alor,25
ode,25
bsimple,25
perplexity,25
mmo,25
endedness,25
severity,25
legal,25
winograd,25
occupation,25
chatgpt,25
scalar,24
differentiate,24
subtract,24
elastic,24
el,24
st,24
ed,24
cosine,24
fairness,24
careful,24
conclude,24
environmental,24
dynamics,24
pieter,24
friction,24
reality,24
statistical,24
normalizing,24
complicated,24
balance,24
formula,24
importantly,24
interpolation,24
vulnerability,24
surface,24
weakness,24
interpolate,24
silver,24
twice,24
evolutionary,24
mse,24
gao,24
ap,24
intelligent,24
prime,24
leg,24
trueskill,24
peak,24
jump,24
mario,24
rainbow,24
assistant,24
anli,24
male,24
projection,23
stabilize,23
eliminate,23
marginal,23
ntroduction,23
hinton,23
nearly,23
expose,23
toy,23
uc,23
paradigm,23
discrepancy,23
collision,23
rapidly,23
iii,23
essentially,23
memorize,23
column,23
immediately,23
switch,23
peter,23
message,23
burda,23
animal,23
navigate,23
school,23
modality,23
pressure,23
shaded,23
parameterized,23
california,23
alter,23
stay,23
proper,23
kaplan,23
mlsh,23
amodei,23
signi,23
eu,23
webmath,23
sodarace,23
say,22
covariance,22
inspiration,22
cheap,22
parameters,22
schmidhuber,22
candidate,22
brockman,22
observable,22
heavily,22
monitoring,22
applicability,22
controller,22
motor,22
composition,22
consume,22
suffer,22
accordingly,22
gregor,22
compression,22
parametrize,22
acquire,22
reﬂect,22
proportion,22
quantitative,22
central,22
advice,22
systems,22
bootstrappe,22
manipulate,22
string,22
gradients,22
sutton,22
fit,22
weapon,22
grasping,22
calculation,22
corner,22
ff,22
stationary,22
cooperate,22
underperform,22
expertise,22
shoot,22
proximal,22
print,22
david,22
price,22
learnability,22
growth,22
procedural,22
combat,22
fid,22
age,22
female,22
proliferation,22
invert,21
jun,21
johnson,21
plus,21
resemble,21
imp,21
ultimately,21
speci,21
formally,21
behave,21
feasible,21
iteratively,21
locally,21
pate,21
mimic,21
vote,21
obvious,21
dynamically,21
song,21
desirable,21
omniglot,21
omit,21
optimally,21
roll,21
biased,21
monte,21
carlo,21
dominate,21
transferability,21
confusion,21
finn,21
ahead,21
backwards,21
exacerbate,21
stochasticity,21
orientation,21
jack,21
informal,21
jain,21
hindsight,21
plausible,21
dhariwal,21
classiﬁed,21
xie,21
health,21
specifically,21
gamepad,21
subgoal,21
server,21
transformers,21
professional,21
superglue,21
piqa,21
agenda,21
production,21
mishkin,21
minibatche,20
varied,20
amazon,20
draft,20
entry,20
vocabulary,20
imdb,20
solid,20
boundary,20
website,20
paul,20
protect,20
structured,20
retain,20
generating,20
spend,20
fellowship,20
anneal,20
reliable,20
prefer,20
grant,20
en,20
visitation,20
static,20
spread,20
intentionally,20
mutual,20
speciﬁed,20
microsoft,20
vq,20
achiam,20
ryan,20
dilemma,20
pgd,20
letter,20
ring,20
kick,20
creation,20
bootstrap,20
technological,20
ﬁts,20
vaswani,20
filter,20
procgen,20
surgery,20
triviaqa,20
lm,20
retrieval,20
united,20
qd,20
diamond,20
pickaxe,20
cbm,20
tis,19
regular,19
aware,19
reverse,19
tang,19
sharing,19
autonomous,19
thought,19
date,19
oversight,19
usa,19
concretely,19
torque,19
intensive,19
dimensionality,19
correction,19
genetic,19
exposure,19
tie,19
script,19
opposite,19
department,19
reconstruction,19
extensively,19
concurrent,19
ten,19
pseudo,19
optimistic,19
stone,19
immediate,19
originally,19
accept,19
inception,19
backward,19
having,19
root,19
inside,19
simplify,19
costly,19
fgsm,19
speciﬁcation,19
sidor,19
delay,19
possibly,19
ﬂaw,19
ﬁtte,19
syntax,19
coordination,19
story,19
grade,19
reading,19
food,19
aid,19
alice,19
jacobian,19
favor,19
classiﬁe,19
robosumo,19
continual,19
sumo,19
procedurally,19
bucket,19
unclear,19
deeptype,19
french,19
disambiguation,19
priority,19
nichol,19
substitution,19
pareto,19
march,19
activity,19
polu,19
proofsize,19
rlhf,19
overhead,18
speech,18
material,18
acknowledgment,18
com,18
movie,18
duplicate,18
elated,18
proceed,18
boolean,18
monitor,18
fundamental,18
feel,18
designer,18
curate,18
lie,18
hopper,18
ﬂexibility,18
engineer,18
discriminative,18
super,18
suspect,18
running,18
brieﬂy,18
coding,18
bits,18
structural,18
af,18
iaf,18
inductive,18
jpeg,18
levine,18
tabular,18
θ,18
continually,18
noticeable,18
alternate,18
mcmc,18
bellman,18
jan,18
spatial,18
eye,18
closed,18
szymon,18
enforce,18
education,18
details,18
credit,18
qk,18
sastry,18
ben,18
mover,18
constitute,18
vanilla,18
distortion,18
artificial,18
logic,18
surveillance,18
palm,18
chess,18
standardized,18
hyb,18
mirror,18
langevin,18
sam,18
regulate,18
vit,18
lambada,18
logprob,18
documentation,18
critiqueability,18
cppn,18
incident,18
complement,17
strictly,17
ﬁx,17
preparation,17
numerous,17
mi,17
supply,17
dai,17
ve,17
paragraph,17
gram,17
wojciech,17
branch,17
abstraction,17
christiano,17
bene,17
unexpected,17
spirit,17
robustly,17
sophisticated,17
cheetah,17
numerical,17
fashion,17
problematic,17
utility,17
stem,17
randomized,17
lemma,17
agree,17
rise,17
identiﬁe,17
quadratic,17
gradually,17
surpass,17
pay,17
bernoulli,17
lillicrap,17
generalized,17
arc,17
derivation,17
satisfy,17
allocation,17
al,17
houthooft,17
matter,17
rgb,17
tensor,17
indicator,17
partial,17
jonathan,17
williams,17
temporally,17
absence,17
curious,17
discontinuous,17
tasks,17
subtask,17
title,17
save,17
turtle,17
modal,17
collapse,17
nition,17
concurrently,17
centralized,17
ease,17
conversely,17
smoothly,17
timesteps,17
nash,17
normalise,17
agreement,17
spurious,17
defender,17
dot,17
evaluator,17
conjecture,17
teaching,17
restriction,17
policymaker,17
krazy,17
exercise,17
chris,17
panel,17
seeker,17
spring,17
alexnet,17
academic,17
subtraction,17
neo,17
llms,17
teamer,17
reparameterization,16
curvature,16
alternatively,16
euclidean,16
equivalence,16
properly,16
downside,16
diagonal,16
comprise,16
diminish,16
hot,16
szegedy,16
abadi,16
rotten,16
snippet,16
runtime,16
jonas,16
arcade,16
stanford,16
undesirable,16
mind,16
remainder,16
san,16
francisco,16
compelling,16
suit,16
imitate,16
rotate,16
termination,16
truly,16
conditionally,16
ambiguity,16
distillation,16
arbitrarily,16
respective,16
limitations,16
induction,16
overly,16
sun,16
parametric,16
ast,16
theoretically,16
rt,16
soon,16
hit,16
exponentially,16
manifold,16
coarse,16
codebase,16
stride,16
blind,16
susceptible,16
unsupervise,16
novelty,16
states,16
formation,16
replacement,16
tv,16
ent,16
fair,16
circle,16
clark,16
pachocki,16
suggestion,16
defeat,16
door,16
air,16
efﬁcacy,16
tournament,16
oxford,16
facilitate,16
appearance,16
array,16
phasespace,16
enter,16
sort,16
grammar,16
vehicleregionphysical,16
specie,16
nal,16
ﬁle,16
zone,16
premise,16
itp,16
bcrit,16
xiao,16
respond,16
investment,16
governance,16
wood,16
convnext,16
rerun,16
workshop,16
nli,16
organization,16
jiang,16
izacard,16
ir,16
cuto,16
sufficient,16
enforcement,16
cbms,16
imagery,16
ungrounded,16
suited,15
kronecker,15
negligible,15
experimentally,15
minor,15
forget,15
methods,15
copy,15
propagate,15
minimization,15
page,15
tendency,15
han,15
complementary,15
greg,15
convenience,15
host,15
commit,15
sensitivity,15
unstable,15
pull,15
exciting,15
ideally,15
rigorous,15
degrade,15
mis,15
subtle,15
tailor,15
fool,15
reasonably,15
kaiser,15
andrychowicz,15
kalchbrenner,15
guess,15
xi,15
xu,15
datapoint,15
theoretic,15
flow,15
dim,15
predictable,15
ﬂag,15
layout,15
sequentially,15
gmmn,15
reversible,15
bdmc,15
considerable,15
enjoy,15
bootstrapped,15
couple,15
conﬁrm,15
field,15
plain,15
dotted,15
https,15
computing,15
squared,15
car,15
slight,15
scoring,15
supplement,15
swimmer,15
starting,15
collective,15
snapshot,15
generality,15
mr,15
paraphrase,15
wait,15
supervisory,15
kill,15
klt,15
backup,15
counter,15
slide,15
madry,15
infeasible,15
fac,15
newton,15
decade,15
degradation,15
prisoner,15
confidence,15
national,15
portion,15
figures,15
cl,15
systematically,15
beneficial,15
debate,15
earth,15
retro,15
resnets,15
inter,15
diayn,15
custom,15
idf,15
spawn,15
comprehensive,15
eval,15
facial,15
mad,15
efﬁcientnet,15
gretchen,15
codebook,15
arxiv,15
management,15
photorealism,15
authority,15
employment,15
tim,14
usefulness,14
hessian,14
slope,14
ascent,14
dominant,14
regressive,14
additive,14
apart,14
classification,14
miyato,14
graves,14
bracketleftbig,14
regularizer,14
excellent,14
nice,14
survey,14
functionality,14
humanity,14
extreme,14
prey,14
put,14
avenue,14
water,14
appeal,14
concentrate,14
freedom,14
steer,14
xperiment,14
gravity,14
database,14
subsection,14
un,14
continuously,14
sukhbaatar,14
thorough,14
principled,14
rezende,14
preference,14
rarely,14
patch,14
huang,14
week,14
alleviate,14
formulate,14
thompson,14
locate,14
award,14
suboptimal,14
catastrophic,14
si,14
meet,14
dramatically,14
consistency,14
allocate,14
mathematics,14
appropriately,14
lifetime,14
strided,14
vulnerable,14
pendulum,14
unrealistic,14
novice,14
reliability,14
catch,14
categorical,14
ofﬂine,14
spectrum,14
marker,14
answering,14
surround,14
analogous,14
resolve,14
difﬁcultie,14
kiros,14
clock,14
dash,14
stick,14
pt,14
entail,14
manager,14
oting,14
equality,14
foerster,14
jakub,14
retrain,14
lighting,14
inaccuracy,14
agents,14
gauss,14
radial,14
beam,14
tlearn,14
german,14
invent,14
uk,14
insertion,14
screenshot,14
characterization,14
id,14
eg,14
house,14
ramesh,14
systematic,14
proﬁcient,14
smith,14
autocurricula,14
visibility,14
ended,14
emc,14
tokens,14
sarah,14
devlin,14
sat,14
neutral,14
deduplicate,14
ouyang,14
pamela,14
calibratedmath,14
inventor,14
wooden,14
scrutiny,14
gi,13
usual,13
independence,13
actively,13
brain,13
exclusively,13
summationdisplay,13
taylor,13
division,13
ion,13
bag,13
onclusion,13
submit,13
terminal,13
benchmarke,13
vehicle,13
jul,13
recommendation,13
sim,13
readily,13
muscle,13
aggressive,13
ﬁdelity,13
voting,13
inspect,13
memorization,13
attacker,13
pathak,13
targeted,13
secure,13
sized,13
ﬁnally,13
discard,13
dual,13
binarize,13
huge,13
conceptual,13
ms,13
op,13
salakhutdinov,13
convincing,13
misleading,13
nontrivial,13
occurrence,13
beat,13
ri,13
perceptual,13
sensory,13
discrimination,13
gray,13
quick,13
consequently,13
todorov,13
schaul,13
peters,13
height,13
phrase,13
duration,13
formalization,13
zhou,13
yu,13
hu,13
liu,13
yes,13
attach,13
ostrovski,13
jacob,13
satisﬁed,13
compromise,13
cm,13
cem,13
quantitatively,13
semantically,13
unbounded,13
tracking,13
collaborative,13
chart,13
pedagogical,13
ner,13
contextual,13
king,13
american,13
import,13
alpha,13
serial,13
christopher,13
hesse,13
launch,13
levels,13
mid,13
identiﬁer,13
participate,13
canonical,13
rf,13
judgment,13
chemical,13
safeguard,13
parity,13
zheng,13
raffel,13
automation,13
liability,13
unsafe,13
crime,13
shelter,13
giiker,13
stopping,13
april,13
champion,13
tom,13
predictably,13
moore,13
quac,13
pronoun,13
quiz,13
helsinki,13
veri,13
tyna,13
mmlu,13
dct,13
infille,13
exponential,12
noticeably,12
cv,12
prone,12
se,12
highdimensional,12
rough,12
nn,12
tomatoes,12
dbpedia,12
multivariate,12
schneider,12
reproduce,12
incrementally,12
screen,12
cial,12
unintended,12
aside,12
igor,12
not,12
competent,12
precede,12
mar,12
compensate,12
frequent,12
modiﬁe,12
modest,12
cycle,12
variability,12
prafulla,12
bowman,12
critically,12
conventional,12
dinh,12
bridge,12
heess,12
impractical,12
acknowledge,12
ood,12
minima,12
granularity,12
downsample,12
saturate,12
venture,12
discretized,12
pixels,12
enemy,12
ermon,12
advancement,12
discriminate,12
orange,12
attractive,12
compositional,12
nonetheless,12
physically,12
clarify,12
intention,12
brief,12
genre,12
weakly,12
bilinear,12
modi,12
compatible,12
shelf,12
superior,12
inherent,12
instability,12
progression,12
josh,12
bowen,12
printing,12
opt,12
crop,12
fold,12
defect,12
union,12
karl,12
nonstationarity,12
luke,12
ycb,12
simpliﬁed,12
logical,12
prune,12
scan,12
govern,12
treatment,12
mining,12
visible,12
miles,12
brundage,12
executive,12
stakeholder,12
ﬁngertip,12
death,12
avggradinner,12
sweep,12
cantly,12
diﬃcult,12
algebraic,12
cai,12
clustering,12
im,12
vic,12
weng,12
masse,12
bnoise,12
mechanic,12
conﬂict,12
corruption,12
responsibly,12
sector,12
cobbe,12
scott,12
mouse,12
queue,12
writing,12
warrant,12
girish,12
krueger,12
sandhini,12
questions,12
commoncrawl,12
winogrande,12
stereotype,12
disproportionately,12
sb,12
perry,12
coco,12
programmer,12
declaration,12
eloundou,12
instructgpt,12
ﬁnetuned,12
walker,12
iron,12
mitigations,12
partnership,12
crisis,12
factorization,11
partly,11
param,11
mainly,11
invaders,11
breakout,11
incur,11
tion,11
mikolov,11
srivastava,11
svm,11
ad,11
package,11
maximally,11
accessible,11
accompany,11
instrument,11
collaborate,11
playing,11
scalability,11
electrical,11
adjacent,11
insufﬁcient,11
inject,11
relu,11
modiﬁed,11
plane,11
horizontal,11
disjoint,11
convex,11
hill,11
conceivable,11
plug,11
extended,11
isolation,11
eric,11
inherently,11
inefﬁcient,11
yan,11
irrelevant,11
inefﬁciency,11
invertible,11
learnable,11
statistically,11
nvp,11
gae,11
exploitation,11
gittins,11
mahajan,11
singh,11
centre,11
maxent,11
ﬁll,11
roger,11
visually,11
inaccurate,11
speak,11
zt,11
sis,11
ordering,11
counting,11
discretize,11
regard,11
contemporary,11
gravitar,11
bass,11
insert,11
asynchronous,11
cap,11
algorithms,11
distinction,11
abuse,11
dof,11
viable,11
unusual,11
rare,11
diverge,11
touch,11
availability,11
interactive,11
labeling,11
apple,11
blank,11
east,11
morphology,11
shall,11
tn,11
ineq,11
colour,11
deceive,11
contexts,11
raul,11
baseball,11
advise,11
gu,11
metz,11
oleg,11
carlini,11
fix,11
hernandez,11
intra,11
rating,11
shapenet,11
counterpart,11
parent,11
conll,11
unprecedented,11
washington,11
yamada,11
city,11
country,11
hop,11
deliberately,11
existential,11
widespread,11
institution,11
cartesian,11
cite,11
pro,11
sinkhorn,11
imperfect,11
thread,11
edit,11
reorientation,11
young,11
spectral,11
restart,11
extrapolate,11
chan,11
jeff,11
wild,11
persistent,11
historical,11
inspection,11
rte,11
escalation,11
risky,11
measures,11
embeddings,11
october,11
dmodel,11
william,11
laws,11
jared,11
webtext,11
upsampler,11
agarwal,11
cloze,11
nq,11
religion,11
chelsea,11
instruct,11
functionally,11
grams,11
apps,11
toxic,11
critiqueable,11
wheel,11
elites,11
bumpy,11
tunnel,11
plank,11
transparency,11
tester,11
weighted,10
nonlinear,10
fundamentally,10
pooling,10
trivially,10
means,10
corpora,10
xand,10
concatenation,10
elec,10
mo,10
reviews,10
ts,10
avg,10
ing,10
truncated,10
par,10
convenient,10
strict,10
dario,10
relevance,10
experimentation,10
erence,10
pursue,10
ective,10
probably,10
joshua,10
numerically,10
constantly,10
actuator,10
iv,10
interleave,10
iscussion,10
dnn,10
shallow,10
safely,10
conservative,10
injection,10
conﬁdent,10
salient,10
indistinguishable,10
wainwright,10
device,10
insightful,10
trainable,10
gru,10
digital,10
tanh,10
swap,10
amenable,10
uncover,10
cast,10
guo,10
fresh,10
ith,10
incorrectly,10
integral,10
ling,10
ny,10
zhao,10
grosse,10
lld,10
neal,10
delta,10
drastically,10
permutation,10
conjunction,10
π,10
merge,10
ﬂip,10
preprocesse,10
halfcheetah,10
zagoruyko,10
coherent,10
policies,10
travel,10
uncertain,10
imitator,10
yang,10
subsequently,10
parallelize,10
unchanged,10
apparent,10
proceeding,10
littman,10
coherence,10
ﬁltered,10
arena,10
xt,10
decentralized,10
destination,10
socher,10
representational,10
multiplicative,10
propagation,10
percentile,10
kumar,10
parse,10
strike,10
gold,10
jang,10
xe,10
manuscript,10
maximal,10
ch,10
multiplayer,10
competitor,10
deception,10
cryptography,10
cc,10
tscl,10
ray,10
pinto,10
organize,10
border,10
lu,10
riﬂe,10
adversariality,10
cat,10
teddy,10
circumvent,10
grateful,10
infinitely,10
war,10
finding,10
friend,10
native,10
edwards,10
principal,10
aditya,10
reﬁne,10
tan,10
intersection,10
shafto,10
fried,10
louizos,10
multilingual,10
wikidata,10
tac,10
deng,10
jaguar,10
auc,10
decoding,10
publication,10
conversation,10
verification,10
dan,10
int,10
slot,10
compound,10
representations,10
unity,10
centric,10
multiscale,10
disagreement,10
associated,10
smin,10
ongoing,10
cryptographic,10
voice,10
johannes,10
socially,10
externality,10
nuclear,10
ranking,10
repository,10
latexit,10
adr,10
scramble,10
wear,10
assemble,10
benjamin,10
azure,10
pf,10
january,10
grace,10
qa,10
factual,10
uniﬁedqa,10
multirc,10
asian,10
demographic,10
nick,10
hate,10
offensive,10
breadth,10
diﬃculty,10
ocr,10
unlock,10
yuan,10
coder,10
hallucination,10
felipe,10
provenance,10
leike,10
aesthetic,10
difficulty,10
jailbreak,10
puri,10
joost,10
huizinga,10
chong,10
proliferate,10
certification,10
hotline,10
trouble,9
orthogonal,9
band,9
offset,9
nov,9
ll,9
admit,9
mu,9
eat,9
lewis,9
noun,9
speculate,9
prioritize,9
warm,9
jie,9
flag,9
imagine,9
periodically,9
beta,9
categorize,9
informally,9
distributional,9
damage,9
oct,9
mismatch,9
actuation,9
adjustment,9
forth,9
meaningfully,9
dwork,9
accountant,9
forest,9
symmetric,9
confuse,9
gb,9
globally,9
disentangle,9
uniquely,9
zis,9
mohamed,9
determinant,9
statically,9
compress,9
isolate,9
controllable,9
accumulate,9
sure,9
nsf,9
traditionally,9
ma,9
gans,9
fourth,9
ebms,9
based,9
toronto,9
contrary,9
comparably,9
unnecessary,9
secondly,9
rescale,9
caution,9
discretization,9
retrieve,9
downsampling,9
solaris,9
speciﬁes,9
komodakis,9
misclassiﬁcation,9
feb,9
watch,9
donahue,9
extractor,9
instantiate,9
diagram,9
replicate,9
aforementioned,9
ﬁtness,9
instantiation,9
smoothing,9
unreliable,9
collide,9
linguistic,9
dialogue,9
particle,9
marcin,9
tower,9
cd,9
apr,9
certainly,9
timescale,9
tat,9
parametrization,9
decompose,9
origin,9
ql,9
analogy,9
sound,9
con,9
rand,9
stadie,9
stationarity,9
starcraft,9
acceptable,9
oudeyer,9
automated,9
rachel,9
pace,9
shaped,9
plappert,9
constrained,9
tft,9
efficient,9
vice,9
connected,9
wealth,9
synthetically,9
kevin,9
inclusion,9
spike,9
ﬂop,9
promote,9
goalant,9
checkpoint,9
undermine,9
cybersecurity,9
disclosure,9
stake,9
quaternion,9
friendly,9
die,9
wave,9
primal,9
eai,9
button,9
ﬁght,9
sticky,9
jerk,9
celebrity,9
eysenbach,9
examination,9
download,9
rewon,9
driver,9
excel,9
zoph,9
mixing,9
identification,9
regularly,9
front,9
manifest,9
joel,9
bpe,9
hardness,9
magniﬁes,9
jaderberg,9
forage,9
survival,9
corrupt,9
sequences,9
menick,9
chunk,9
expressivity,9
positional,9
commercial,9
asymmetry,9
ante,9
snow,9
mikhail,9
dollar,9
exponent,9
lyric,9
pranav,9
coqa,9
roberta,9
wic,9
church,9
impacts,9
governmental,9
descriptive,9
oss,9
ryder,9
poem,9
potato,9
rabin,9
marcel,9
duchamp,9
axiom,9
instagram,9
efficiency,9
trafﬁc,9
zeroshot,9
aircraft,9
kornblith,9
taori,9
qiming,9
finetune,9
stephanie,9
fedus,9
elicit,9
bavarian,9
pact,9
ddim,9
hyeonwoo,9
noh,9
locomote,9
khlaaf,9
prompts,9
carroll,9
barret,9
wage,9
controllability,9
enhancement,9
benign,9
licensing,9
deepfake,9
cublas,9
decouple,8
permit,8
optimum,8
nonlinearity,8
seaquest,8
stat,8
mechanisms,8
odel,8
eos,8
directional,8
ris,8
nair,8
est,8
ra,8
manning,8
sa,8
horrible,8
om,8
alongside,8
showcase,8
arti,8
productive,8
belong,8
autonomy,8
unrelated,8
trevor,8
traverse,8
expense,8
ro,8
pd,8
uniﬁed,8
ensembles,8
personal,8
dietterich,8
strengthen,8
satisﬁes,8
reﬂecte,8
crowd,8
lipschitz,8
elaborate,8
truncate,8
deﬁned,8
bimodal,8
autoencode,8
neglect,8
sharp,8
spherical,8
lecun,8
optimality,8
burden,8
justiﬁed,8
dt,8
olicy,8
infrequently,8
cope,8
vinyals,8
onr,8
ga,8
ned,8
bracketleftbigg,8
remarkable,8
zhu,8
theis,8
gaussians,8
weighting,8
naïve,8
stepsize,8
ow,8
filip,8
vime,8
angular,8
preprocessing,8
intensity,8
corroborate,8
prohibitive,8
certainty,8
ci,8
upsample,8
upsampling,8
spot,8
superhuman,8
command,8
schaal,8
lr,8
shrink,8
smoothness,8
bandwidth,8
ut,8
minus,8
arrive,8
hear,8
prepare,8
dexterity,8
route,8
acquisition,8
shaping,8
handful,8
pretrain,8
august,8
waste,8
money,8
singing,8
star,8
european,8
business,8
love,8
lesson,8
freely,8
freeze,8
turning,8
la,8
henceforth,8
emulate,8
fixed,8
ectively,8
expected,8
drawback,8
append,8
games,8
matthias,8
moderately,8
predator,8
chase,8
oscillation,8
mcgrew,8
vikash,8
fruitful,8
baker,8
coeﬃcient,8
athalye,8
puzzle,8
shortcoming,8
episodes,8
tit,8
rock,8
best,8
bansal,8
winner,8
advantageous,8
rajeswaran,8
egg,8
skilled,8
side,8
shared,8
labelling,8
ontology,8
kbp,8
ambiguous,8
types,8
annotation,8
elizabeth,8
directionalhopper,8
randomhopper,8
forecast,8
civil,8
fetchreach,8
deliver,8
purple,8
sensible,8
gfomaml,8
transduction,8
marginalize,8
hole,8
hedgehog,8
deceptive,8
interpreter,8
lens,8
iicr,8
customize,8
lilian,8
cage,8
unmodeled,8
locked,8
unrestricted,8
rademacher,8
massive,8
determinism,8
orient,8
creative,8
pca,8
solved,8
platforms,8
elementary,8
barely,8
substantive,8
exhaustive,8
berner,8
exchange,8
biological,8
heart,8
olah,8
abandon,8
lim,8
brynjolfsson,8
acemoglu,8
barrier,8
glitch,8
gabor,8
profile,8
fort,8
jerry,8
staleness,8
mccandlish,8
cmin,8
tokenization,8
books,8
wei,8
razavi,8
announce,8
shyam,8
directive,8
steadily,8
ﬁltering,8
storycloze,8
openbookqa,8
webqs,8
hellaswag,8
nmt,8
wsc,8
cb,8
unscramble,8
subtitle,8
zellers,8
denomination,8
albert,8
solaiman,8
dirty,8
pakistan,8
finland,8
financial,8
cache,8
keyword,8
kolesnikov,8
tworek,8
copilot,8
msmarco,8
synth,8
steven,8
ec,8
economically,8
civilian,8
clouds,8
sanghi,8
vec,8
shengli,8
shoker,8
scientific,8
rubric,8
heidecke,8
kai,8
marvin,8
voluntary,8
standards,8
simclr,8
pathological,7
elementwise,7
xis,7
vis,7
normally,7
supplementary,7
reversed,7
inappropriate,7
unmodiﬁed,7
misconception,7
transductive,7
fr,7
belkin,7
rllab,7
hoc,7
prevention,7
cleaning,7
knock,7
will,7
undesired,7
status,7
tobin,7
favorably,7
backlash,7
articulate,7
ill,7
ﬂuctuate,7
prescribe,7
tendon,7
effector,7
hopping,7
swing,7
clarity,7
restricted,7
bespoke,7
encouraging,7
appealing,7
laplacian,7
artiﬁcially,7
caveat,7
liang,7
turing,7
nis,7
chung,7
weaken,7
terminology,7
cancel,7
nll,7
remark,7
cho,7
progressively,7
armed,7
terminate,7
excessive,7
competitively,7
explosion,7
making,7
fu,7
competence,7
colleague,7
su,7
basedmodel,7
parenrightbigg,7
ce,7
provably,7
mislead,7
tricky,7
dissimilar,7
underestimate,7
considerably,7
steady,7
rein,7
dec,7
mbie,7
parenleftbig,7
fill,7
dilated,7
subsample,7
interfere,7
perception,7
encompass,7
resize,7
df,7
fis,7
strategies,7
blur,7
stanley,7
adequate,7
last,7
solvable,7
strategic,7
copyright,7
shen,7
ht,7
association,7
compositionality,7
maybe,7
sampled,7
neighborhood,7
qi,7
illustrative,7
discovering,7
compact,7
fan,7
vacation,7
buy,7
plateau,7
straightforwardly,7
cis,7
maddison,7
frozen,7
florensa,7
cally,7
instantaneous,7
gure,7
kakade,7
dayan,7
eve,7
taxonomy,7
ingredient,7
recursive,7
vastly,7
escape,7
upright,7
violate,7
fc,7
foster,7
curricula,7
tian,7
summation,7
spark,7
incremental,7
reed,7
welinder,7
radius,7
ˆet,7
popularize,7
roboschool,7
stockholm,7
wagner,7
fabricate,7
thoroughly,7
albeit,7
absorb,7
δ,7
remarkably,7
awareness,7
penny,7
robin,7
tension,7
wolf,7
bold,7
influence,7
yellow,7
versa,7
nvidia,7
peng,7
disappear,7
ti,7
analog,7
crucially,7
kicker,7
register,7
preclude,7
merely,7
br,7
bird,7
subtree,7
firstly,7
akin,7
linking,7
disambiguate,7
linkcount,7
ferragina,7
scaiella,7
undergo,7
february,7
nichols,7
simpliﬁcation,7
musical,7
ultimate,7
randomwalker,7
crash,7
helen,7
evans,7
pen,7
baselines,7
levy,7
inconsistent,7
validity,7
palette,7
steps,7
sine,7
genevay,7
rm,7
knuckles,7
oﬀset,7
elapse,7
buﬀer,7
irving,7
extraction,7
veriﬁcation,7
acceleration,7
absent,7
pytorch,7
tightly,7
preprint,7
tight,7
machado,7
toddler,7
redis,7
talk,7
secret,7
hutchinson,7
gas,7
reliance,7
pitfall,7
epistemic,7
lopes,7
nominal,7
live,7
randommazes,7
brooke,7
farhi,7
petrov,7
inﬂate,7
circumstance,7
ziegler,7
june,7
malware,7
contextualize,7
tick,7
mandate,7
frechet,7
amanda,7
criminal,7
ore,7
runner,7
moderate,7
customer,7
stringent,7
economy,7
consequential,7
pixmix,7
nikolas,7
harvard,7
gauge,7
hilton,7
kyle,7
sport,7
params,7
contradiction,7
cullen,7
september,7
askell,7
jeffrey,7
phrasing,7
happy,7
commonsense,7
signature,7
ﬂagge,7
anagram,7
father,7
misinformation,7
town,7
casino,7
israel,7
warn,7
clinton,7
extremist,7
president,7
bomb,7
mb,7
comply,7
disclose,7
sohn,7
youtube,7
husain,7
anthropic,7
gopher,7
stiennon,7
shantanu,7
giorgi,7
sachan,7
robertson,7
synonym,7
discriminatory,7
rae,7
critiquing,7
rejection,7
prompting,7
hri,7
reflect,7
inﬁll,7
chinchilla,7
sentinel,7
paino,7
taker,7
sexual,7
illicit,7
pavlov,7
amin,7
tootoonchian,7
ming,7
tong,7
alan,7
administrative,7
income,7
issn,7
watts,7
orig,7
conceptually,6
whiten,6
gand,6
unnormalized,6
eigenvector,6
comparatively,6
lag,6
deeply,6
handwritten,6
cognitive,6
perceive,6
wi,6
adv,6
analytically,6
em,6
tensorflow,6
ie,6
rain,6
yand,6
decent,6
awful,6
poole,6
contest,6
nuance,6
board,6
productively,6
opinion,6
vase,6
throw,6
tiny,6
geometry,6
deformation,6
rigid,6
differently,6
cable,6
inadvertently,6
indirectly,6
quorum,6
differentially,6
audience,6
amplitude,6
disparity,6
inferior,6
shufﬂe,6
balanced,6
papernot,6
aforementione,6
enormous,6
footprint,6
serban,6
autoencoding,6
placement,6
xwindowaround,6
yi,6
arrange,6
lake,6
larochelle,6
individually,6
du,6
tthe,6
πθ,6
exposition,6
roy,6
occupy,6
remember,6
identiﬁed,6
pecase,6
parenleftbigg,6
tractability,6
precup,6
scientiﬁc,6
phenomena,6
graphical,6
σ,6
decline,6
optimism,6
parenrightbig,6
bracketrightbig,6
necessity,6
freeway,6
frostbite,6
duel,6
complicate,6
quantize,6
subclass,6
fake,6
sand,6
road,6
formalism,6
brittle,6
gait,6
deepmind,6
analytical,6
equip,6
accumulation,6
fox,6
expressiveness,6
intrinsically,6
degenerate,6
prominent,6
atomic,6
berg,6
stacking,6
dagger,6
krizhevsky,6
skipthought,6
seemingly,6
mlstm,6
persist,6
whitespace,6
et,6
singer,6
bear,6
straight,6
barto,6
bacon,6
znjcn,6
west,6
switching,6
stepq,6
altogether,6
simpli,6
measured,6
emphasis,6
sup,6
prohibitively,6
ward,6
disregard,6
interquartile,6
uncorrelated,6
obviously,6
stress,6
recursively,6
relax,6
pit,6
pitch,6
greedily,6
coordinated,6
conclusions,6
mann,6
wolski,6
sketch,6
hinder,6
clipping,6
ablate,6
ordinary,6
renderer,6
site,6
printer,6
resultant,6
damp,6
advocate,6
rewards,6
pretrained,6
reciprocity,6
parameterise,6
hessians,6
optimise,6
press,6
predominantly,6
creature,6
technically,6
displacement,6
charge,6
randomness,6
annotate,6
spur,6
pairwise,6
wrist,6
volume,6
newly,6
slice,6
unimodal,6
ape,6
revisit,6
recruit,6
imaging,6
stretch,6
recipe,6
endpoint,6
inherit,6
thomas,6
france,6
weld,6
ontonotes,6
lingual,6
subjective,6
metalearne,6
internalize,6
directionalhalfcheetah,6
existing,6
citation,6
appreciate,6
shahar,6
glenn,6
tip,6
dictionary,6
positively,6
cycling,6
arjovsky,6
tao,6
leap,6
emulator,6
load,6
boss,6
seven,6
lay,6
algorithmically,6
mediate,6
urban,6
pseudocode,6
octagonal,6
prism,6
khz,6
anna,6
adjoint,6
tr,6
nfe,6
amplify,6
getup,6
overlay,6
dennison,6
danny,6
sigler,6
heewoo,6
ws,6
proﬁle,6
gameplay,6
join,6
adequately,6
ecosystem,6
avoidance,6
sngan,6
cnns,6
frank,6
proﬁt,6
purchase,6
leader,6
insufficient,6
todor,6
surf,6
cone,6
blueprint,6
transient,6
mateusz,6
practitioner,6
monotonicity,6
keyboard,6
capital,6
alphastar,6
jason,6
park,6
henighan,6
autoregressively,6
scrape,6
december,6
tokenizer,6
academia,6
wook,6
howard,6
clemens,6
winter,6
unscrambling,6
filtering,6
ptb,6
copa,6
contaminate,6
creator,6
violent,6
reporting,6
amortize,6
supercomputing,6
street,6
trump,6
rhetoric,6
laden,6
meeting,6
metropolitan,6
metagen,6
il,6
explorer,6
veriﬁer,6
export,6
modulo,6
interview,6
geo,6
localization,6
sos,6
gtsrb,6
bb,6
vid,6
objectnet,6
congress,6
komatsuzaki,6
sandbox,6
container,6
insecure,6
guard,6
informativeness,6
nakano,6
bommasani,6
karpukhin,6
ruby,6
diff,6
guardrail,6
qualify,6
rai,6
pokorny,6
emergency,6
gordon,6
shawn,6
unclean,6
smelt,6
tezak,6
disallowed,6
connector,6
kosic,6
chak,6
vitchyr,6
jamie,6
liam,6
creativity,6
matt,6
lampe,6
jake,6
kahn,6
jurisdiction,6
assurance,6
horowitz,6
uss,6
borderline,6
proficiency,6
captcha,6
